{
  "tier": "gpu_only",
  "num_prompts": 492,
  "total_tokens": 61605,
  "elapsed_time": 6.496809005737305,
  "tokens_per_second": 9482.347402485879,
  "requests_per_second": 75.72948497724296,
  "backend": "lmcache"
}