{
    "elapsed_time": 17.45444850999047,
    "num_requests": 500,
    "total_num_tokens": 239867,
    "requests_per_second": 28.645992436473318,
    "tokens_per_second": 13742.456535519092
}